{
  "schedule": [
    {
      "id": "pumpkin_invasion",
      "type": "halloween",
      "title": {
        "zh": "南瓜入侵",
        "en": "Pumpkin Invasion",
        "ko": "호박 침공",
        "ru": "Тыквенное вторжение",
        "ar": "غزو اليقطين"
      },
      "note": {
        "zh": "萬聖節系列活動。",
        "en": "Halloween series event.",
        "ko": "할로윈 시리즈 이벤트.",
        "ru": "Серия событий на Хэллоуин.",
        "ar": "فعاليات سلسلة الهالوين."
      },
      "window": { "start": "2025-10-29T00:00:00Z", "end": "2025-11-06T00:00:00Z" }
    },
    {
      "id": "lucky_wheel",
      "type": "lucky_wheel",
      "title": {
        "zh": "幸運大轉盤",
        "en": "Lucky Wheel",
        "ko": "행운의 룰렛",
        "ru": "Колесо удачи",
        "ar": "عجلة الحظ"
      },
      "note": {
        "zh": "旋轉以贏取英雄與裝備材料。",
        "en": "Spin to win heroes and gear materials.",
        "ko": "룰렛을 돌려 영웅과 장비 재료를 획득하세요.",
        "ru": "Крутите колесо, чтобы получить героев и материалы.",
        "ar": "أدر العجلة للفوز بالأبطال ومواد العتاد."
      },
      "window": { "start": "2025-11-04T00:00:00Z", "end": "2025-11-06T00:00:00Z" }
    },
    {
      "id": "defeat_nearby_beasts",
      "type": "pve_beasts",
      "title": {
        "zh": "清理附近野獸",
        "en": "Clear Nearby Beasts",
        "ko": "주변 야수 소탕",
        "ru": "Зачистка близлежащих зверей",
        "ar": "تطهير الوحوش القريبة"
      },
      "note": {
        "zh": "獵殺遊蕩野獸，守護城市安全。",
        "en": "Hunt roaming beasts to keep the city safe.",
        "ko": "배회하는 야수를 사냥해 도시를 지키세요.",
        "ru": "Охотьтесь на бродящих зверей, чтобы защитить город.",
        "ar": "اصطد الوحوش المتجولة لحماية المدينة."
      },
      "window": { "start": "2025-11-04T00:00:00Z", "end": "2025-11-06T00:00:00Z" }
    },
    {
      "id": "brothers_in_arms",
      "type": "blue_battle",
      "title": {
        "zh": "全軍參戰",
        "en": "Brothers in Arms",
        "ko": "전군 총동원",
        "ru": "Братья по оружию",
        "ar": "رفقاء السلاح"
      },
      "note": {
        "zh": "為資源而戰！",
        "en": "Fight for resources!",
        "ko": "자원을 위해 싸우세요!",
        "ru": "Сражайтесь за ресурсы!",
        "ar": "قاتِل من أجل الموارد!"
      },
      "window": { "start": "2025-11-07T00:00:00Z", "end": "2025-11-09T00:00:00Z" }
    },
    {
      "id": "mercenary_prestige",
      "type": "yellow_merc",
      "title": {
        "zh": "傭兵榮耀",
        "en": "Mercenary Glory",
        "ko": "용병의 영광",
        "ru": "Слава наёмников",
        "ar": "مجد المرتزقة"
      },
      "note": {
        "zh": "勇氣與賞金並重的傭兵挑戰。",
        "en": "Mercenary challenges where courage meets bounty.",
        "ko": "용기와 보상이 만나는 용병 도전.",
        "ru": "Испытания наёмников: храбрость за награду.",
        "ar": "تحديات المرتزقة حيث الشجاعة تقابل المكافأة."
      },
      "window": { "start": "2025-11-08T00:00:00Z", "end": "2025-11-11T00:00:00Z" }
    },
    {
      "id": "castle_battle",
      "type": "castle_war",
      "title": {
        "zh": "決戰王城",
        "en": "Castle Battle",
        "ko": "왕성 결전",
        "ru": "Битва за замок",
        "ar": "معركة القلعة"
      },
      "note": {
        "zh": "王城之戰。",
        "en": "Battle for the castle.",
        "ko": "왕성을 두고 벌이는 결전.",
        "ru": "Сражение за замок.",
        "ar": "المعركة من أجل القلعة."
      },
      "window": { "start": "2025-11-09T12:00:00Z", "end": "2025-11-09T17:00:00Z" }
    }
  ]
}

